sample,n_loci,n_used_fw_reads,mean_cov,mean_cov_ns,Raw,Espece,Notes_groupe
S_23_00979,96141,983679,10.232,10.678,5025887,undatum,Groupe_EGSL_Portneuf_Offshore
S_23_00980,94478,1398076,14.798,15.677,7430966,undatum,Groupe_EGSL_Portneuf_Offshore
S_23_00981,100205,1558551,15.554,16.806,8084400,undatum,Groupe_EGSL_Portneuf_Offshore
S_23_00982,102781,2173479,21.147,22.744,11441948,undatum,Groupe_EGSL_Portneuf_Offshore
S_23_00983,109234,2381681,21.803,23.654,12204912,undatum,Groupe_EGSL_Portneuf_Offshore
S_23_00984,88794,914244,10.296,10.738,4775236,undatum,Groupe_EGSL_Portneuf_Offshore
S_23_00985,88580,1147137,12.95,13.467,6023640,undatum,Groupe_EGSL_Portneuf_Offshore
S_23_00986,94389,1547153,16.391,17.283,8061526,undatum,Groupe_EGSL_Portneuf_Offshore
S_23_00987,100188,1338122,13.356,14.605,6666172,undatum,Groupe_EGSL_Portneuf_Offshore
S_23_00988,120957,1778224,14.701,16.824,9090642,undatum,Groupe_EGSL_Portneuf_Offshore
S_23_00989,112865,2621814,23.23,25.736,13516926,undatum,Groupe_EGSL_Portneuf_Offshore
S_23_00990,104791,1458416,13.917,14.896,7580290,undatum,Groupe_EGSL_Portneuf_Offshore
S_23_00991,93170,1966702,21.109,22.519,10339933,undatum,Groupe_EGSL_Portneuf_Offshore
S_23_00992,99479,2052378,20.631,22.091,10658084,undatum,Groupe_EGSL_Portneuf_Offshore
S_23_00993,88969,1123232,12.625,13.154,5856465,undatum,Groupe_EGSL_Portneuf_Offshore
S_23_00994,102400,2736449,26.723,29.068,14652122,undatum,Groupe_EGSL_Portneuf_Offshore
S_23_00995,112315,2020060,17.986,19.804,10557044,undatum,Groupe_EGSL_Portneuf_Offshore
S_23_00996,95950,1062880,11.077,11.675,5484596,undatum,Groupe_EGSL_Portneuf_Offshore
S_23_00997,101168,1824511,18.034,19.506,9840306,undatum,Groupe_EGSL_Portneuf_Offshore
S_23_00998,94529,1217532,12.88,13.635,6473661,undatum,Groupe_EGSL_Portneuf_Offshore
S_23_00999,104681,1612797,15.407,16.855,8226832,undatum,Groupe_EGSL_Portneuf_Offshore
S_23_01000,92937,959717,10.327,10.805,5132053,undatum,Groupe_EGSL_Portneuf_Offshore
S_23_01001,81747,834537,10.209,10.524,4417608,undatum,Groupe_EGSL_Portneuf_Offshore
S_23_01002,91275,1209829,13.255,14.092,6261887,undatum,Groupe_EGSL_Portneuf_Offshore
S_23_01003,107043,3151295,29.44,32.098,16501306,undatum,Groupe_EGSL_Portneuf_Offshore
S_23_01004,100356,1260057,12.556,13.342,6612637,undatum,Groupe_EGSL_Portneuf_Offshore
S_23_01005,98562,1525429,15.477,16.483,8054361,undatum,Groupe_EGSL_Portneuf_Offshore
S_23_01006,96981,2363328,24.369,26.59,12778062,undatum,Groupe_EGSL_Portneuf_Offshore
S_23_01007,100533,2329076,23.167,25.081,12293689,undatum,Groupe_EGSL_Portneuf_Offshore
S_23_01008,114983,2303742,20.036,22.413,11687061,undatum,Groupe_EGSL_Portneuf_Offshore
S_23_01010,107639,2402818,22.323,24.506,12684736,undatum,Groupe_EGSL_Portneuf_Offshore
S_23_01011,96677,1096503,11.342,11.928,5724877,undatum,Groupe_EGSL_Portneuf_Offshore
S_23_01012,78453,751148,9.574,9.899,3916193,undatum,Groupe_EGSL_Portneuf_Offshore
S_23_01013,97361,1999058,20.532,22.131,10664207,undatum,Groupe_EGSL_Portneuf_Offshore
S_23_01026,108075,2521014,23.327,25.7,13308097,undatum,Groupe_EGSL_Portneuf_Offshore
S_23_01043,94646,1587941,16.778,17.94,8359579,undatum,Groupe_EGSL_Baie_des_Bacon_Inshore
S_23_01045,105818,1980951,18.72,20.348,10470620,undatum,Groupe_EGSL_Baie_des_Bacon_Inshore
S_23_01046,108211,1877340,17.349,18.864,9819563,undatum,Groupe_EGSL_Baie_des_Bacon_Inshore
S_23_01047,107353,1799738,16.765,18.056,9329961,undatum,Groupe_EGSL_Baie_des_Bacon_Inshore
S_23_01048,106739,1837009,17.21,18.936,9198959,undatum,Groupe_EGSL_Baie_des_Bacon_Inshore
S_23_01049,39578,266096,6.723,6.688,1536623,undatum,Groupe_EGSL_Baie_des_Bacon_Inshore
S_23_01050,87190,1004753,11.524,12.26,5084130,undatum,Groupe_EGSL_Baie_des_Bacon_Inshore
S_23_01051,74785,647822,8.662,8.987,3300750,undatum,Groupe_EGSL_Baie_des_Bacon_Inshore
S_23_01053,107071,1812208,16.925,18.141,9189883,undatum,Groupe_EGSL_Baie_des_Bacon_Inshore
S_23_01054,108447,2932656,27.042,29.791,15627001,undatum,Groupe_EGSL_Baie_des_Bacon_Inshore
S_23_01055,42586,295125,6.93,6.916,1684847,undatum,Groupe_EGSL_Baie_des_Bacon_Inshore
S_23_01056,93412,1446639,15.487,16.505,7526679,undatum,Groupe_EGSL_Baie_des_Bacon_Inshore
S_23_01057,33284,221226,6.647,6.583,1340139,undatum,Groupe_EGSL_Baie_des_Bacon_Inshore
S_23_01058,63710,490261,7.695,7.842,2615051,undatum,Groupe_EGSL_Baie_des_Bacon_Inshore
S_23_01059,109285,2167142,19.83,21.588,11367113,undatum,Groupe_EGSL_Baie_des_Bacon_Inshore
S_23_01060,105259,3188540,30.292,33.254,17187309,undatum,Groupe_EGSL_Baie_des_Bacon_Inshore
S_23_01061,86382,927517,10.737,11.239,4762753,undatum,Groupe_EGSL_Baie_des_Bacon_Inshore
S_23_01062,1,3,3,3,706,undatum,Groupe_EGSL_Baie_des_Bacon_Inshore
S_23_01064,107469,1617537,15.051,16.138,8363928,undatum,Groupe_EGSL_Baie_des_Bacon_Inshore
S_23_01065,100110,1939078,19.369,20.735,9780261,undatum,Groupe_EGSL_Baie_des_Bacon_Inshore
S_23_01066,40471,275086,6.797,6.767,1488385,undatum,Groupe_EGSL_Baie_des_Bacon_Inshore
S_23_01067,103445,1357115,13.119,14.052,6704069,undatum,Groupe_EGSL_Baie_des_Bacon_Inshore
S_23_01068,38230,250625,6.556,6.498,1423608,undatum,Groupe_EGSL_Baie_des_Bacon_Inshore
S_23_01069,831,4849,5.835,5.548,42304,undatum,Groupe_EGSL_Baie_des_Bacon_Inshore
S_23_01070,83498,843852,10.106,10.533,4346666,undatum,Groupe_EGSL_Baie_des_Bacon_Inshore
S_23_01071,42642,289895,6.798,6.814,1658892,undatum,Groupe_EGSL_Baie_des_Bacon_Inshore
S_23_01072,106179,3042836,28.658,31.166,15833899,undatum,Groupe_EGSL_Baie_des_Bacon_Inshore
S_23_01073,105813,2291562,21.657,23.489,11919317,undatum,Groupe_EGSL_Baie_des_Bacon_Inshore
S_23_01075,91028,862998,9.481,9.879,4307588,undatum,Groupe_EGSL_Baie_des_Bacon_Inshore
S_23_01076,97551,1808209,18.536,19.655,9059731,undatum,Groupe_EGSL_Baie_des_Bacon_Inshore
S_23_01076_rep,99336,1260226,12.686,13.4,6362598,undatum,Groupe_EGSL_Baie_des_Bacon_Inshore
S_23_01077,94939,1181016,12.44,13.06,6103682,undatum,Groupe_EGSL_Baie_des_Bacon_Inshore
S_23_01078,91266,1180768,12.938,13.51,6109390,undatum,Groupe_EGSL_Baie_des_Bacon_Inshore
S_23_01094,64744,539225,8.329,8.541,2777630,undatum,Groupe_EGSL_Iles_Penchees_Inshore
S_23_01095,31615,213751,6.761,6.705,1270028,undatum,Groupe_EGSL_Iles_Penchees_Inshore
S_23_01096,104000,2798073,26.905,29.76,14844543,undatum,Groupe_EGSL_Iles_Penchees_Inshore
S_23_01097,15039,93000,6.184,6.045,667481,undatum,Groupe_EGSL_Iles_Penchees_Inshore
S_23_01098,111777,2683432,24.007,26.488,13333093,undatum,Groupe_EGSL_Iles_Penchees_Inshore
S_23_01099,101869,1196080,11.741,12.397,6014798,undatum,Groupe_EGSL_Iles_Penchees_Inshore
S_23_01100,25222,163294,6.474,6.32,975707,undatum,Groupe_EGSL_Iles_Penchees_Inshore
S_23_01101,7565,46045,6.087,5.825,356797,undatum,Groupe_EGSL_Iles_Penchees_Inshore
S_23_01102,106519,2024020,19.001,20.712,10688747,undatum,Groupe_EGSL_Iles_Penchees_Inshore
S_23_01103,105356,2026989,19.239,20.782,10561274,undatum,Groupe_EGSL_Iles_Penchees_Inshore
S_23_01104,97152,1062520,10.937,11.539,5596847,undatum,Groupe_EGSL_Iles_Penchees_Inshore
S_23_01105,4716,31080,6.59,6.228,261353,undatum,Groupe_EGSL_Iles_Penchees_Inshore
S_23_01106,106067,1698362,16.012,17.429,8974931,undatum,Groupe_EGSL_Iles_Penchees_Inshore
S_23_01107,104581,1521961,14.553,15.815,7365656,undatum,Groupe_EGSL_Iles_Penchees_Inshore
S_23_01108,119320,2599700,21.788,24.801,13240319,undatum,Groupe_EGSL_Iles_Penchees_Inshore
S_23_01109,113415,1591089,14.029,15.598,8042644,undatum,Groupe_EGSL_Iles_Penchees_Inshore
S_23_01110,29779,190175,6.386,6.277,1135325,undatum,Groupe_EGSL_Iles_Penchees_Inshore
S_23_01111,104859,1385557,13.214,14.305,7001055,undatum,Groupe_EGSL_Iles_Penchees_Inshore
S_23_01112,79554,670290,8.426,8.67,3591655,undatum,Groupe_EGSL_Iles_Penchees_Inshore
S_23_01113,111914,2294130,20.499,22.665,11789279,undatum,Groupe_EGSL_Iles_Penchees_Inshore
S_23_01114,105083,1460810,13.901,14.945,7686835,undatum,Groupe_EGSL_Iles_Penchees_Inshore
S_23_01115,113438,2655797,23.412,26.19,13774946,undatum,Groupe_EGSL_Iles_Penchees_Inshore
S_23_01116,107356,2236697,20.834,23.045,11058236,undatum,Groupe_EGSL_Iles_Penchees_Inshore
S_23_01117,75706,674504,8.91,9.166,3665253,undatum,Groupe_EGSL_Iles_Penchees_Inshore
S_23_01118,107361,1619984,15.089,16.382,8493411,undatum,Groupe_EGSL_Iles_Penchees_Inshore
S_23_01119,54942,386956,7.043,7.096,2132118,undatum,Groupe_EGSL_Iles_Penchees_Inshore
S_23_01120,86258,832846,9.655,10.062,4395405,undatum,Groupe_EGSL_Iles_Penchees_Inshore
S_23_01121,19330,121658,6.294,6.146,774323,undatum,Groupe_EGSL_Iles_Penchees_Inshore
S_23_01122,98065,2058067,20.987,22.515,10698175,undatum,Groupe_EGSL_Iles_Penchees_Inshore
S_23_01123,98596,2061587,20.909,22.555,10592898,undatum,Groupe_EGSL_Iles_Penchees_Inshore
S_23_01124,91936,1355069,14.739,15.486,6938622,undatum,Groupe_EGSL_Iles_Penchees_Inshore
S_23_01125,62265,511527,8.215,8.385,2743773,undatum,Groupe_EGSL_Iles_Penchees_Inshore
S_23_01126,94932,1600444,16.859,18.01,8696972,undatum,Groupe_EGSL_Iles_Penchees_Inshore
S_23_01127,15405,96688,6.276,6.102,682254,undatum,Groupe_EGSL_Iles_Penchees_Inshore
S_23_01128,88850,1069480,12.037,12.668,5909088,undatum,Groupe_EGSL_Iles_Penchees_Inshore
S_23_01144,97116,1727228,17.785,19.011,9342698,undatum,Groupe_EGSL_Bic1_Offshore
S_23_01145,109263,2249545,20.588,22.721,11848686,undatum,Groupe_EGSL_Bic1_Offshore
S_23_01146,114026,3213516,28.182,32.06,16374100,undatum,Groupe_EGSL_Bic1_Offshore
S_23_01147,94554,1672663,17.69,18.743,8718052,undatum,Groupe_EGSL_Bic1_Offshore
S_23_01148,73805,652854,8.846,9.021,3501046,undatum,Groupe_EGSL_Bic1_Offshore
S_23_01149,98173,1718766,17.508,18.878,9377475,undatum,Groupe_EGSL_Bic1_Offshore
S_23_01150,105295,1433704,13.616,14.618,7508311,undatum,Groupe_EGSL_Bic1_Offshore
S_23_01151,111322,2643314,23.745,26.007,14065480,undatum,Groupe_EGSL_Bic1_Offshore
S_23_01152,110985,1651045,14.876,16.412,8402792,undatum,Groupe_EGSL_Bic1_Offshore
S_23_01153,103508,1534024,14.82,15.911,8116693,undatum,Groupe_EGSL_Bic1_Offshore
S_23_01154,100580,1356669,13.488,14.608,7094206,undatum,Groupe_EGSL_Bic1_Offshore
S_23_01155,111220,2431840,21.865,24.098,12752121,undatum,Groupe_EGSL_Bic1_Offshore
S_23_01156,101857,1919136,18.841,20.279,10153746,undatum,Groupe_EGSL_Bic1_Offshore
S_23_01157,102164,2668012,26.115,28.611,14558832,undatum,Groupe_EGSL_Bic1_Offshore
S_23_01158,100012,1137638,11.375,12.195,5806121,undatum,Groupe_EGSL_Bic1_Offshore
S_23_01159,117727,2587251,21.977,24.933,13138454,undatum,Groupe_EGSL_Bic1_Offshore
S_23_01160,95769,1650704,17.236,18.286,8721998,undatum,Groupe_EGSL_Bic1_Offshore
S_23_01161,96912,1039472,10.726,11.27,5473797,undatum,Groupe_EGSL_Bic1_Offshore
S_23_01162,99332,2495518,25.123,27.039,13084146,undatum,Groupe_EGSL_Bic1_Offshore
S_23_01163,98997,1539919,15.555,16.573,8091763,undatum,Groupe_EGSL_Bic1_Offshore
S_23_01164,99180,1923356,19.393,20.828,10286398,undatum,Groupe_EGSL_Bic1_Offshore
S_23_01165,98130,1069574,10.9,11.471,5502589,undatum,Groupe_EGSL_Bic1_Offshore
S_23_01166,87705,983832,11.218,11.718,5255333,undatum,Groupe_EGSL_Bic1_Offshore
S_23_01167,92512,1079482,11.669,12.284,5716968,undatum,Groupe_EGSL_Bic1_Offshore
S_23_01168,103545,1578091,15.241,16.336,8181976,undatum,Groupe_EGSL_Bic1_Offshore
S_23_01169,96160,2304460,23.965,25.835,12283003,undatum,Groupe_EGSL_Bic1_Offshore
S_23_01170,98147,2145766,21.863,23.448,11266317,undatum,Groupe_EGSL_Bic1_Offshore
S_23_01171,108591,1967331,18.117,19.577,9996170,undatum,Groupe_EGSL_Bic1_Offshore
S_23_01172,97396,1618249,16.615,17.616,8371163,undatum,Groupe_EGSL_Bic1_Offshore
S_23_01173,101773,1436405,14.114,15.014,7374758,undatum,Groupe_EGSL_Bic1_Offshore
S_23_01174,102993,1317186,12.789,13.552,6611934,undatum,Groupe_EGSL_Bic1_Offshore
S_23_01175,109971,2322833,21.122,22.912,11818614,undatum,Groupe_EGSL_Bic1_Offshore
S_23_01176,98862,1108980,11.217,11.853,5768664,undatum,Groupe_EGSL_Bic1_Offshore
S_23_01177,106007,1520001,14.339,15.367,7765431,undatum,Groupe_EGSL_Bic1_Offshore
S_23_01178,96543,1574745,16.311,17.282,8210679,undatum,Groupe_EGSL_Bic1_Offshore
S_23_01193,90366,1174741,13,13.764,6099969,undatum,Groupe_EGSL_Bic2_Offshore
S_23_01194,94464,1471477,15.577,16.587,7702528,undatum,Groupe_EGSL_Bic2_Offshore
S_23_01195,103598,1298980,12.539,13.491,6482748,undatum,Groupe_EGSL_Bic2_Offshore
S_23_01196,112028,2213162,19.755,21.838,11597576,undatum,Groupe_EGSL_Bic2_Offshore
S_23_01196_rep,105816,2774165,26.217,28.716,14660524,undatum,Groupe_EGSL_Bic2_Offshore
S_23_01197,109827,1732219,15.772,17.152,8958970,undatum,Groupe_EGSL_Bic2_Offshore
S_23_01198,106978,1600733,14.963,16.087,8209064,undatum,Groupe_EGSL_Bic2_Offshore
S_23_01199,105782,1170072,11.061,11.967,5908763,undatum,Groupe_EGSL_Bic2_Offshore
S_23_01200,109067,2013132,18.458,20.108,10277993,undatum,Groupe_EGSL_Bic2_Offshore
S_23_01201,114744,2748111,23.95,26.626,13934653,undatum,Groupe_EGSL_Bic2_Offshore
S_23_01203,94875,911987,9.613,10.121,4524829,undatum,Groupe_EGSL_Bic2_Offshore
S_23_01204,103534,1905690,18.406,19.925,9847571,undatum,Groupe_EGSL_Bic2_Offshore
S_23_01205,100724,1571471,15.602,16.711,8044240,undatum,Groupe_EGSL_Bic2_Offshore
S_23_01206,98923,1332629,13.471,14.3,6936192,undatum,Groupe_EGSL_Bic2_Offshore
S_23_01207,114007,4266653,37.424,42.178,22387273,undatum,Groupe_EGSL_Bic2_Offshore
S_23_01208,104044,3013186,28.961,31.671,15715135,undatum,Groupe_EGSL_Bic2_Offshore
S_23_01209,99956,2780543,27.818,29.847,14293052,undatum,Groupe_EGSL_Bic2_Offshore
S_23_01210,110101,1931552,17.543,19.143,9855201,undatum,Groupe_EGSL_Bic2_Offshore
S_23_01211,90295,903679,10.008,10.436,4618765,undatum,Groupe_EGSL_Bic2_Offshore
S_23_01212,108072,1792026,16.582,17.901,9124308,undatum,Groupe_EGSL_Bic2_Offshore
S_23_01213,97179,1341931,13.809,14.645,6868183,undatum,Groupe_EGSL_Bic2_Offshore
S_23_01214,106576,2139985,20.079,22.241,10987919,undatum,Groupe_EGSL_Bic2_Offshore
S_23_01215,103032,1996845,19.381,20.96,10460415,undatum,Groupe_EGSL_Bic2_Offshore
S_23_01216,108771,2528630,23.247,25.587,13407552,undatum,Groupe_EGSL_Bic2_Offshore
S_23_01217,106590,2129802,19.981,21.705,11026120,undatum,Groupe_EGSL_Bic2_Offshore
S_23_01219,72975,872403,11.955,12.268,5015821,undatum,Groupe_EGSL_Bic2_Offshore
S_23_01220,91597,1036290,11.314,11.824,5314026,undatum,Groupe_EGSL_Bic2_Offshore
S_23_01221,104027,2249054,21.62,23.564,12168108,undatum,Groupe_EGSL_Bic2_Offshore
S_23_01222,95561,1684769,17.63,18.72,8671875,undatum,Groupe_EGSL_Bic2_Offshore
S_23_01223,98279,1070092,10.888,11.457,5603446,undatum,Groupe_EGSL_Bic2_Offshore
S_23_01224,104090,1849539,17.769,19.179,9706650,undatum,Groupe_EGSL_Bic2_Offshore
S_23_01226,93385,1008542,10.8,11.26,5215311,undatum,Groupe_EGSL_Bic2_Offshore
S_23_01227,93403,1422395,15.229,16.457,7345944,undatum,Groupe_EGSL_Bic2_Offshore
S_23_01228,99545,1541318,15.484,16.512,8140704,undatum,Groupe_EGSL_Bic2_Offshore
S_23_01244,108188,3518372,32.521,35.941,18694143,undatum,Groupe_EGSL_Baie_Comeau_Offshore
S_23_01245,113837,3141209,27.594,30.498,16025614,undatum,Groupe_EGSL_Baie_Comeau_Offshore
S_23_01246,113992,3660690,32.114,35.857,18839537,undatum,Groupe_EGSL_Baie_Comeau_Offshore
S_23_01247,102970,1331196,12.928,13.847,6971310,undatum,Groupe_EGSL_Baie_Comeau_Offshore
S_23_01248,102952,1271763,12.353,13.289,6333720,undatum,Groupe_EGSL_Baie_Comeau_Offshore
S_23_01249,98216,1921391,19.563,20.894,10051144,undatum,Groupe_EGSL_Baie_Comeau_Offshore
S_23_01250,91259,1160680,12.719,13.347,6091246,undatum,Groupe_EGSL_Baie_Comeau_Offshore
S_23_01251,101065,2728006,26.993,29.377,14407285,undatum,Groupe_EGSL_Baie_Comeau_Offshore
S_23_01252,110672,2441690,22.062,24.191,12425350,undatum,Groupe_EGSL_Baie_Comeau_Offshore
S_23_01253,122312,3141785,25.687,29.73,15670322,undatum,Groupe_EGSL_Baie_Comeau_Offshore
S_23_01254,93793,1341196,14.3,15.119,6988496,undatum,Groupe_EGSL_Baie_Comeau_Offshore
S_23_01255,83026,1166953,14.055,14.708,6784185,undatum,Groupe_EGSL_Baie_Comeau_Offshore
S_23_01256,97257,1451943,14.929,15.942,7669029,undatum,Groupe_EGSL_Baie_Comeau_Offshore
S_23_01257,96480,1240394,12.856,13.575,6453957,undatum,Groupe_EGSL_Baie_Comeau_Offshore
S_23_01258,108076,1672272,15.473,16.734,8638795,undatum,Groupe_EGSL_Baie_Comeau_Offshore
S_23_01259,110393,2940246,26.634,29.393,15238523,undatum,Groupe_EGSL_Baie_Comeau_Offshore
S_23_01260,95365,1820300,19.088,20.318,9493281,undatum,Groupe_EGSL_Baie_Comeau_Offshore
S_23_01261,108895,2771244,25.449,28.048,14366404,undatum,Groupe_EGSL_Baie_Comeau_Offshore
S_23_01262,97076,2209484,22.76,24.364,11482510,undatum,Groupe_EGSL_Baie_Comeau_Offshore
S_23_01263,109644,1788427,16.311,17.759,9291053,undatum,Groupe_EGSL_Baie_Comeau_Offshore
S_23_01264,95518,1169441,12.243,12.885,6014224,undatum,Groupe_EGSL_Baie_Comeau_Offshore
S_23_01265,89603,1021478,11.4,11.888,5326771,undatum,Groupe_EGSL_Baie_Comeau_Offshore
S_23_01266,90905,1141916,12.562,13.284,6147868,undatum,Groupe_EGSL_Baie_Comeau_Offshore
S_23_01267,104239,1283879,12.317,13.094,6532328,undatum,Groupe_EGSL_Baie_Comeau_Offshore
S_23_01268,106006,1522462,14.362,15.425,7789664,undatum,Groupe_EGSL_Baie_Comeau_Offshore
S_23_01269,97628,1353532,13.864,14.692,6892344,undatum,Groupe_EGSL_Baie_Comeau_Offshore
S_23_01270,94232,1452296,15.412,16.256,7546839,undatum,Groupe_EGSL_Baie_Comeau_Offshore
S_23_01271,82247,706796,8.594,8.777,3635461,undatum,Groupe_EGSL_Baie_Comeau_Offshore
S_23_01272,102286,1945988,19.025,20.437,9726720,undatum,Groupe_EGSL_Baie_Comeau_Offshore
S_23_01273,101157,1550347,15.326,16.267,7646494,undatum,Groupe_EGSL_Baie_Comeau_Offshore
S_23_01274,96778,1014538,10.483,10.944,5223174,undatum,Groupe_EGSL_Baie_Comeau_Offshore
S_23_01275,97575,1056513,10.828,11.364,5441450,undatum,Groupe_EGSL_Baie_Comeau_Offshore
S_23_01276,98294,1127244,11.468,12.203,5798599,undatum,Groupe_EGSL_Baie_Comeau_Offshore
S_23_01277,108577,2450360,22.568,24.676,12681178,undatum,Groupe_EGSL_Baie_Comeau_Offshore
S_23_01278,109333,1943146,17.773,19.295,9987164,undatum,Groupe_EGSL_Baie_Comeau_Offshore
S_23_01788,16817,102098,6.071,5.864,723771,undatum,Groupe_EGSL_Iles_de_la_Madeleine_Offshore
S_23_01789,111377,2033797,18.26,20.006,10537961,undatum,Groupe_EGSL_Iles_de_la_Madeleine_Offshore
S_23_01790,72341,585250,8.09,8.313,3171316,undatum,Groupe_EGSL_Iles_de_la_Madeleine_Offshore
S_23_01792,92321,1090077,11.807,12.419,5756434,undatum,Groupe_EGSL_Iles_de_la_Madeleine_Offshore
S_23_01794,91298,891219,9.762,10.185,4694679,undatum,Groupe_EGSL_Iles_de_la_Madeleine_Offshore
S_23_01795,111708,1392243,12.463,13.719,6864656,undatum,Groupe_EGSL_Iles_de_la_Madeleine_Offshore
S_23_01796,91319,1068292,11.698,12.354,5813642,undatum,Groupe_EGSL_Iles_de_la_Madeleine_Offshore
S_23_01797,86554,1087397,12.563,13.191,5872616,undatum,Groupe_EGSL_Iles_de_la_Madeleine_Offshore
S_23_01798,105838,1778579,16.805,18.461,9349336,undatum,Groupe_EGSL_Iles_de_la_Madeleine_Offshore
S_23_01799,91140,1152498,12.645,13.57,6098955,undatum,Groupe_EGSL_Iles_de_la_Madeleine_Offshore
S_23_01800,90827,861461,9.485,9.836,4482655,undatum,Groupe_EGSL_Iles_de_la_Madeleine_Offshore
S_23_01801,93158,1137247,12.208,12.89,6037433,undatum,Groupe_EGSL_Iles_de_la_Madeleine_Offshore
S_23_01802,106007,1811344,17.087,18.516,9443844,undatum,Groupe_EGSL_Iles_de_la_Madeleine_Offshore
S_23_01803,92154,1081359,11.734,12.289,5641409,undatum,Groupe_EGSL_Iles_de_la_Madeleine_Offshore
S_23_01803_rep,97343,1630921,16.754,17.793,8553611,undatum,Groupe_EGSL_Iles_de_la_Madeleine_Offshore
S_23_01804,107671,2952281,27.419,30.352,15650654,undatum,Groupe_EGSL_Iles_de_la_Madeleine_Offshore
S_23_01805,109037,1582755,14.516,16.019,8128583,undatum,Groupe_EGSL_Iles_de_la_Madeleine_Offshore
S_23_01806,93279,1159177,12.427,13.077,6059022,undatum,Groupe_EGSL_Iles_de_la_Madeleine_Offshore
S_23_01807,103933,1364204,13.126,13.981,7033016,undatum,Groupe_EGSL_Iles_de_la_Madeleine_Offshore
S_23_01808,99682,2232706,22.398,24.334,11885120,undatum,Groupe_EGSL_Iles_de_la_Madeleine_Offshore
S_23_01809,100369,2703884,26.939,29.069,14103130,undatum,Groupe_EGSL_Iles_de_la_Madeleine_Offshore
S_23_01810,99504,1253852,12.601,13.419,6574306,undatum,Groupe_EGSL_Iles_de_la_Madeleine_Offshore
S_23_01811,110654,2556106,23.1,25.388,13241562,undatum,Groupe_EGSL_Iles_de_la_Madeleine_Offshore
S_23_01812,78508,703346,8.959,9.168,3698064,undatum,Groupe_EGSL_Iles_de_la_Madeleine_Offshore
S_23_01813,109419,2211118,20.208,22.259,11772196,undatum,Groupe_EGSL_Iles_de_la_Madeleine_Offshore
S_23_01814,83081,827164,9.956,10.307,4366650,undatum,Groupe_EGSL_Iles_de_la_Madeleine_Offshore
S_23_01815,96553,2122609,21.984,23.519,11091710,undatum,Groupe_EGSL_Iles_de_la_Madeleine_Offshore
S_23_01817,92239,1198155,12.99,13.68,6431435,undatum,Groupe_EGSL_Iles_de_la_Madeleine_Offshore
S_23_01818,82600,1342005,16.247,17.2,7393689,undatum,Groupe_EGSL_Iles_de_la_Madeleine_Offshore
S_23_01819,95825,1531332,15.981,16.909,7911102,undatum,Groupe_EGSL_Iles_de_la_Madeleine_Offshore
S_23_01820,78802,771620,9.792,10.229,4002808,undatum,Groupe_EGSL_Iles_de_la_Madeleine_Offshore
S_23_01821,93175,894551,9.601,10.02,4471019,undatum,Groupe_EGSL_Iles_de_la_Madeleine_Offshore
S_23_01822,8363,53772,6.43,6.012,411757,undatum,Groupe_EGSL_Iles_de_la_Madeleine_Offshore
S_23_01823,97788,2032228,20.782,22.285,10688580,undatum,Groupe_EGSL_Iles_de_la_Madeleine_Offshore
S_23_01824,102747,1554925,15.134,16.33,8175905,undatum,Groupe_EGSL_Iles_de_la_Madeleine_Offshore
S_23_01828,90357,1145014,12.672,13.284,6065561,undatum,Groupe_EGSL_Iles_de_la_Madeleine_Offshore
S_23_01842,95763,1165597,12.172,12.878,5840590,undatum,Groupe_EGSL_Pointe_a_Emile_Inshore
S_23_01843,96866,1024690,10.578,11.11,5269309,undatum,Groupe_EGSL_Pointe_a_Emile_Inshore
S_23_01844,77670,651652,8.39,8.649,3193879,undatum,Groupe_EGSL_Pointe_a_Emile_Inshore
S_23_01845,78743,719192,9.133,9.423,3595169,undatum,Groupe_EGSL_Pointe_a_Emile_Inshore
S_23_01846,94341,1174955,12.454,13.122,6090470,undatum,Groupe_EGSL_Pointe_a_Emile_Inshore
S_23_01847,108800,2681020,24.642,27.076,13680868,undatum,Groupe_EGSL_Pointe_a_Emile_Inshore
S_23_01848,91585,1326215,14.481,15.391,6825745,undatum,Groupe_EGSL_Pointe_a_Emile_Inshore
S_23_01849,72844,578677,7.944,8.121,3020399,undatum,Groupe_EGSL_Pointe_a_Emile_Inshore
S_23_01850,87194,808244,9.269,9.637,4212620,undatum,Groupe_EGSL_Pointe_a_Emile_Inshore
S_23_01851,96725,1196894,12.374,13.105,6312928,undatum,Groupe_EGSL_Pointe_a_Emile_Inshore
S_23_01852,108919,2863117,26.287,28.901,14586631,undatum,Groupe_EGSL_Pointe_a_Emile_Inshore
S_23_01853,51932,373874,7.199,7.219,2056775,undatum,Groupe_EGSL_Pointe_a_Emile_Inshore
S_23_01854,14525,89929,6.191,5.895,610029,undatum,Groupe_EGSL_Pointe_a_Emile_Inshore
S_23_01855,108553,1972150,18.168,19.832,10100684,undatum,Groupe_EGSL_Pointe_a_Emile_Inshore
S_23_01856,59884,463775,7.745,7.969,2376731,undatum,Groupe_EGSL_Pointe_a_Emile_Inshore
S_23_01857,101225,2619986,25.883,27.992,13794142,undatum,Groupe_EGSL_Pointe_a_Emile_Inshore
S_23_01858,100537,1285760,12.789,13.591,6550857,undatum,Groupe_EGSL_Pointe_a_Emile_Inshore
S_23_01859,102173,1381268,13.519,14.45,7271057,undatum,Groupe_EGSL_Pointe_a_Emile_Inshore
S_23_01860,96868,1278343,13.197,14.162,6399018,undatum,Groupe_EGSL_Pointe_a_Emile_Inshore
S_23_01863,86500,878425,10.155,10.539,4555473,undatum,Groupe_EGSL_Pointe_a_Emile_Inshore
S_23_01864,105296,1609653,15.287,16.355,7861686,undatum,Groupe_EGSL_Pointe_a_Emile_Inshore
S_23_01865,84736,754722,8.907,9.151,3765107,undatum,Groupe_EGSL_Pointe_a_Emile_Inshore
S_23_01866,6226,37723,6.059,5.645,309278,undatum,Groupe_EGSL_Pointe_a_Emile_Inshore
S_23_01867,87246,901156,10.329,10.728,4485818,undatum,Groupe_EGSL_Pointe_a_Emile_Inshore
S_23_01868,2124,12467,5.87,5.513,124960,undatum,Groupe_EGSL_Pointe_a_Emile_Inshore
S_23_01869,99165,1442632,14.548,15.508,7325622,undatum,Groupe_EGSL_Pointe_a_Emile_Inshore
S_23_01871,102614,1324862,12.911,13.901,6517381,undatum,Groupe_EGSL_Pointe_a_Emile_Inshore
S_23_01872,110188,2392820,21.716,23.689,11564690,undatum,Groupe_EGSL_Pointe_a_Emile_Inshore
S_23_01873,98216,1909545,19.442,20.711,9662978,undatum,Groupe_EGSL_Pointe_a_Emile_Inshore
S_23_01874,97725,1862980,19.063,20.397,9856913,undatum,Groupe_EGSL_Pointe_a_Emile_Inshore
S_23_01875,112000,2395163,21.385,24.392,11623552,undatum,Groupe_EGSL_Pointe_a_Emile_Inshore
S_23_01876,88479,1005636,11.366,11.852,5184292,undatum,Groupe_EGSL_Pointe_a_Emile_Inshore
S_23_01877,110601,1832084,16.565,18.415,9042722,undatum,Groupe_EGSL_Pointe_a_Emile_Inshore
S_23_01878,107776,1952165,18.113,19.607,9604331,undatum,Groupe_EGSL_Pointe_a_Emile_Inshore
S_23_01890,87873,1091346,12.42,12.97,5777680,undatum,Groupe_EGSL_Mingan_Offshore
S_23_01892,17141,103911,6.062,5.789,769835,undatum,Groupe_EGSL_Mingan_Offshore
S_23_01893,65097,479448,7.365,7.42,2579036,undatum,Groupe_EGSL_Mingan_Offshore
S_23_01894,110751,2197432,19.841,21.92,11450864,undatum,Groupe_EGSL_Mingan_Offshore
S_23_01895,85743,1232306,14.372,15.132,6499202,undatum,Groupe_EGSL_Mingan_Offshore
S_23_01896,93460,1081383,11.571,12.224,5247203,undatum,Groupe_EGSL_Mingan_Offshore
S_23_01898,86816,996807,11.482,12.045,5307825,undatum,Groupe_EGSL_Mingan_Offshore
S_23_01899,93379,1024018,10.966,11.51,5304159,undatum,Groupe_EGSL_Mingan_Offshore
S_23_01900,105637,1209948,11.454,12.427,6131085,undatum,Groupe_EGSL_Mingan_Offshore
S_23_01901,7005,45185,6.45,6.057,633396,undatum,Groupe_EGSL_Mingan_Offshore
S_23_01903,71684,545678,7.612,7.436,3957552,undatum,Groupe_EGSL_Mingan_Offshore
S_23_01904,92185,2178166,23.628,25.303,11612756,undatum,Groupe_EGSL_Mingan_Offshore
S_23_01905,106054,2380399,22.445,24.441,12427001,undatum,Groupe_EGSL_Mingan_Offshore
S_23_01906,61225,445270,7.273,7.326,2462116,undatum,Groupe_EGSL_Mingan_Offshore
S_23_01907,96381,1395315,14.477,15.465,7568759,undatum,Groupe_EGSL_Mingan_Offshore
S_23_01908,83629,933966,11.168,11.622,5007751,undatum,Groupe_EGSL_Mingan_Offshore
S_23_01909,68099,557536,8.187,8.33,3022883,undatum,Groupe_EGSL_Mingan_Offshore
S_23_01910,65327,1180336,18.068,18.491,13280015,undatum,Groupe_EGSL_Mingan_Offshore
S_23_01911,100852,1359691,13.482,14.48,7170883,undatum,Groupe_EGSL_Mingan_Offshore
S_23_01912,95726,1102667,11.519,12.172,5604321,undatum,Groupe_EGSL_Mingan_Offshore
S_23_01913,32204,519279,16.125,16.473,9223320,undatum,Groupe_EGSL_Mingan_Offshore
S_23_01915,109427,2472689,22.597,24.987,13201658,undatum,Groupe_EGSL_Mingan_Offshore
S_23_01916,102572,2112573,20.596,22.159,11012234,undatum,Groupe_EGSL_Mingan_Offshore
S_23_01917,93618,1372826,14.664,15.567,7310794,undatum,Groupe_EGSL_Mingan_Offshore
S_23_01918,106732,1758633,16.477,17.726,8642421,undatum,Groupe_EGSL_Mingan_Offshore
S_23_01919,746,4377,5.867,5.681,57727,undatum,Groupe_EGSL_Mingan_Offshore
S_23_01920,31407,196727,6.264,6.116,1252192,undatum,Groupe_EGSL_Mingan_Offshore
S_23_01921,84309,967068,11.471,11.912,5090685,undatum,Groupe_EGSL_Mingan_Offshore
S_23_01922,68844,1467267,21.313,21.885,15391826,undatum,Groupe_EGSL_Mingan_Offshore
S_23_01923,100622,1441659,14.327,15.348,7544950,undatum,Groupe_EGSL_Mingan_Offshore
S_23_01924,98601,1087568,11.03,11.617,5588989,undatum,Groupe_EGSL_Mingan_Offshore
S_23_01925,101021,1816354,17.98,19.674,9458126,undatum,Groupe_EGSL_Mingan_Offshore
S_23_01926,102103,1392893,13.642,14.697,7352293,undatum,Groupe_EGSL_Mingan_Offshore
S_23_01927,91680,1052876,11.484,12.063,5598353,undatum,Groupe_EGSL_Mingan_Offshore
S_23_01928,101902,1805071,17.714,19.361,9961905,undatum,Groupe_EGSL_Mingan_Offshore
S_23_01999,106886,2318867,21.695,23.732,12162532,undatum,Groupe_EGSL_Forestville_Offshore
S_23_02000,42136,280146,6.649,6.636,1626182,undatum,Groupe_EGSL_Forestville_Offshore
S_23_02001,95340,1504850,15.784,16.711,7794854,undatum,Groupe_EGSL_Forestville_Offshore
S_23_02002,82429,730791,8.866,9.188,3910436,undatum,Groupe_EGSL_Forestville_Offshore
S_23_02003,51878,360300,6.945,6.924,2023530,undatum,Groupe_EGSL_Forestville_Offshore
S_23_02004,79386,876314,11.039,11.409,4701491,undatum,Groupe_EGSL_Forestville_Offshore
S_23_02005,104102,2168376,20.829,22.572,11208872,undatum,Groupe_EGSL_Forestville_Offshore
S_23_02006,110420,2189618,19.83,21.715,11267133,undatum,Groupe_EGSL_Forestville_Offshore
S_23_02007,65188,495810,7.606,7.791,2598031,undatum,Groupe_EGSL_Forestville_Offshore
S_23_02008,105359,1665283,15.806,16.999,8676712,undatum,Groupe_EGSL_Forestville_Offshore
S_23_02009,98051,1838564,18.751,20.271,9642169,undatum,Groupe_EGSL_Forestville_Offshore
S_23_02010,84066,838592,9.975,10.421,4314121,undatum,Groupe_EGSL_Forestville_Offshore
S_23_02011,101694,1901163,18.695,20.293,9659763,undatum,Groupe_EGSL_Forestville_Offshore
S_23_02012,1985,12539,6.317,5.923,125431,undatum,Groupe_EGSL_Forestville_Offshore
S_23_02013,14067,86409,6.143,5.833,628286,undatum,Groupe_EGSL_Forestville_Offshore
S_23_02014,104926,1560876,14.876,15.98,8143904,undatum,Groupe_EGSL_Forestville_Offshore
S_23_02015,27587,173856,6.302,6.189,1080938,undatum,Groupe_EGSL_Forestville_Offshore
S_23_02016,54791,386954,7.062,7.135,2127955,undatum,Groupe_EGSL_Forestville_Offshore
S_23_02017,106474,1367691,12.845,13.988,6891569,undatum,Groupe_EGSL_Forestville_Offshore
S_23_02018,32722,209071,6.389,6.269,1276890,undatum,Groupe_EGSL_Forestville_Offshore
S_23_02019,92100,919549,9.984,10.464,4656210,undatum,Groupe_EGSL_Forestville_Offshore
S_23_02020,87054,1005934,11.555,12.044,5278823,undatum,Groupe_EGSL_Forestville_Offshore
S_23_02021,101028,1260490,12.477,13.278,6558980,undatum,Groupe_EGSL_Forestville_Offshore
S_23_02022,98743,1165305,11.801,12.518,6140532,undatum,Groupe_EGSL_Forestville_Offshore
S_23_02023,113711,802198,7.055,7.86,3854021,undatum,Groupe_EGSL_Forestville_Offshore
S_23_02024,43513,296621,6.817,6.774,1746273,undatum,Groupe_EGSL_Forestville_Offshore
S_23_02025,88309,802619,9.089,9.447,4165156,undatum,Groupe_EGSL_Forestville_Offshore
S_23_02026,102473,1991061,19.43,21.17,10093494,undatum,Groupe_EGSL_Forestville_Offshore
S_23_02027,87518,843605,9.639,10.02,4399442,undatum,Groupe_EGSL_Forestville_Offshore
S_23_02028,101848,2383316,23.401,25.35,12350643,undatum,Groupe_EGSL_Forestville_Offshore
S_23_02029,98652,1353252,13.717,14.608,7059781,undatum,Groupe_EGSL_Forestville_Offshore
S_23_02030,12952,79351,6.127,5.683,577928,undatum,Groupe_EGSL_Forestville_Offshore
S_23_02031,87635,805896,9.196,9.53,4206390,undatum,Groupe_EGSL_Forestville_Offshore
S_23_02032,101984,2110853,20.698,22.615,10867272,undatum,Groupe_EGSL_Forestville_Offshore
S_23_02033,104249,1502817,14.416,15.625,7531647,undatum,Groupe_EGSL_Forestville_Offshore
S_23_02034,104225,1697509,16.287,17.636,8960521,undatum,Groupe_EGSL_Baie_Comeau_Offshore
S_23_02035,92625,1110592,11.99,12.723,5611933,undatum,Groupe_EGSL_Baie_Comeau_Offshore
S_23_02036,39307,252179,6.416,6.359,1488047,undatum,Groupe_EGSL_Baie_Comeau_Offshore
S_23_02037,96928,1541385,15.902,16.995,8225145,undatum,Groupe_EGSL_Baie_Comeau_Offshore
S_23_02038,996,6487,6.513,6.248,69994,undatum,Groupe_EGSL_Baie_Comeau_Offshore
S_23_02039,5295,33581,6.342,5.949,300750,undatum,Groupe_EGSL_Baie_Comeau_Offshore
S_23_02040,110040,1836935,16.693,18.211,9200093,undatum,Groupe_EGSL_Baie_Comeau_Offshore
S_23_02041,42305,285532,6.749,6.714,1651434,undatum,Groupe_EGSL_Baie_Comeau_Offshore
S_23_02042,96934,1277513,13.179,14.153,6341306,undatum,Groupe_EGSL_Baie_Comeau_Offshore
S_23_02043,29641,189223,6.384,6.291,1166406,undatum,Groupe_EGSL_Baie_Comeau_Offshore
S_23_02044,18505,114755,6.201,6.046,776019,undatum,Groupe_EGSL_Baie_Comeau_Offshore
S_23_02045,19502,121220,6.216,6.045,827584,undatum,Groupe_EGSL_Baie_Comeau_Offshore
S_23_02046,87949,864259,9.827,10.37,4353940,undatum,Groupe_EGSL_Baie_Comeau_Offshore
S_23_02047,31199,196245,6.29,6.177,1218530,undatum,Groupe_EGSL_Baie_Comeau_Offshore
S_23_02048,99332,1400683,14.101,15.001,7283641,undatum,Groupe_EGSL_Baie_Comeau_Offshore
S_23_02050,3576,25055,7.006,6.146,185006,undatum,Groupe_EGSL_Baie_Comeau_Offshore
S_23_02051,22867,143056,6.256,6.028,921159,undatum,Groupe_EGSL_Baie_Comeau_Offshore
S_23_02052,2684,17052,6.353,5.897,162801,undatum,Groupe_EGSL_Baie_Comeau_Offshore
S_23_02053,53349,422661,7.923,8.079,2304716,undatum,Groupe_EGSL_Baie_Comeau_Offshore
S_23_02054,26163,169341,6.473,6.262,1000473,undatum,Groupe_EGSL_Baie_Comeau_Offshore
S_23_02055,1186,7294,6.15,5.848,85704,undatum,Groupe_EGSL_Baie_Comeau_Offshore
S_23_02056,39116,261123,6.676,6.627,1562868,undatum,Groupe_EGSL_Baie_Comeau_Offshore
S_23_02057,112996,2037687,18.033,20.024,10371548,undatum,Groupe_EGSL_Baie_Comeau_Offshore
S_23_02058,6317,39262,6.215,5.878,334201,undatum,Groupe_EGSL_Baie_Comeau_Offshore
S_23_02059,110317,2511598,22.767,25.485,13382881,undatum,Groupe_EGSL_Baie_Comeau_Offshore
S_23_02060,547,3062,5.598,5.555,50669,undatum,Groupe_EGSL_Baie_Comeau_Offshore
S_23_02061,11410,69517,6.093,5.816,538857,undatum,Groupe_EGSL_Baie_Comeau_Offshore
S_23_02062,6833,42494,6.219,5.963,336424,undatum,Groupe_EGSL_Baie_Comeau_Offshore
S_23_02064,60214,499390,8.294,8.556,2699600,undatum,Groupe_EGSL_Baie_Comeau_Offshore
S_23_02065,39563,283995,7.178,7.228,1616698,undatum,Groupe_EGSL_Baie_Comeau_Offshore
S_23_02066,23955,147400,6.153,6.072,930823,undatum,Groupe_EGSL_Baie_Comeau_Offshore
S_23_02067,9597,58304,6.075,5.743,463347,undatum,Groupe_EGSL_Baie_Comeau_Offshore
S_23_02068,1912,12212,6.387,6.187,123655,undatum,Groupe_EGSL_Baie_Comeau_Offshore
S_23_02076,2647,16209,6.124,5.432,143625,scalariforme,NA
S_23_02077,80757,766524,9.492,10.254,4051063,scalariforme,NA
S_23_02078,1512,9417,6.228,5.388,92372,scalariforme,NA
S_23_02079,71723,603535,8.415,8.887,3349085,scalariforme,NA
S_23_02080,121017,3647418,30.14,36.385,18757091,scalariforme,NA
S_23_02081,100761,1565350,15.535,17.845,8461598,scalariforme,NA
S_23_02086,96037,1013861,10.557,11.698,5846733,cyaneum,NA
S_23_02087,106945,1552641,14.518,16.358,8507301,cyaneum,NA
S_23_02088,115005,2570760,22.353,26.492,14538207,cyaneum,NA
S_23_02089,47798,366285,7.663,7.914,2185540,cyaneum,NA
S_23_02090,74134,637258,8.596,9.105,3784748,cyaneum,NA
S_23_02093,25932,168757,6.508,6.228,1075714,terraenovae,NA
S_23_02094,76034,732683,9.636,10.491,3825451,terraenovae,NA
S_23_02095,98851,2110225,21.348,23.072,11335464,undatum,Groupe_Baie_de_Fundy_SA_Inshore
S_23_02096,111474,2070482,18.574,20.696,11285051,undatum,Groupe_Baie_de_Fundy_SA_Inshore
S_23_02097,7632,46876,6.142,5.773,399934,undatum,Groupe_Baie_de_Fundy_SA_Inshore
S_23_02098,90994,1151415,12.654,13.266,5964234,undatum,Groupe_Baie_de_Fundy_SA_Inshore
S_23_02099,81397,871593,10.708,11.157,4883085,undatum,Groupe_Baie_de_Fundy_SA_Inshore
S_23_02100,98799,1371302,13.88,14.904,7097049,undatum,Groupe_Baie_de_Fundy_SA_Inshore
S_23_02101,107677,1595349,14.816,16.009,8220250,undatum,Groupe_Baie_de_Fundy_SA_Inshore
S_23_02102,105003,1788822,17.036,18.424,9305059,undatum,Groupe_Baie_de_Fundy_SA_Inshore
S_23_02103,71125,596267,8.383,8.536,3340589,undatum,Groupe_Baie_de_Fundy_SA_Inshore
S_23_02104,105360,3832677,36.377,41.03,20754236,undatum,Groupe_Baie_de_Fundy_SA_Inshore
S_23_02105,116245,3452774,29.703,34.743,17717637,undatum,Groupe_Baie_de_Fundy_SA_Inshore
S_23_02106,108767,1793848,16.493,17.934,9588131,undatum,Groupe_Baie_de_Fundy_SA_Inshore
S_23_02107,120087,2155304,17.948,20.449,10665747,undatum,Groupe_Baie_de_Fundy_SA_Inshore
S_23_02108,94959,1488929,15.68,16.598,7829308,undatum,Groupe_Baie_de_Fundy_SA_Inshore
S_23_02109,113691,3011507,26.489,29.514,15443376,undatum,Groupe_Baie_de_Fundy_SA_Inshore
S_23_02110,93665,1286859,13.739,14.528,6699794,undatum,Groupe_Baie_de_Fundy_SA_Inshore
S_23_02111,113778,3684057,32.379,36.156,19432306,undatum,Groupe_Baie_de_Fundy_SA_Inshore
S_23_02112,99107,2410404,24.321,26.132,12626062,undatum,Groupe_Baie_de_Fundy_SA_Inshore
S_23_02113,109785,2941214,26.791,29.601,15505389,undatum,Groupe_Baie_de_Fundy_SA_Inshore
S_23_02114,103928,1351470,13.004,13.926,7094026,undatum,Groupe_Baie_de_Fundy_SA_Inshore
S_23_02115,108988,1985208,18.215,19.954,10323626,undatum,Groupe_Baie_de_Fundy_SA_Inshore
S_23_02116,118244,4083155,34.532,39.752,21585050,undatum,Groupe_Baie_de_Fundy_SA_Inshore
S_23_02117,105351,1675885,15.908,17.209,8864600,undatum,Groupe_Baie_de_Fundy_SA_Inshore
S_23_02118,118247,4342411,36.723,42.374,22883051,undatum,Groupe_Baie_de_Fundy_SA_Inshore
S_23_02119,111517,3233609,28.997,32.439,16458748,undatum,Groupe_Baie_de_Fundy_SA_Inshore
S_23_02120,111559,2942303,26.374,29.039,15395255,undatum,Groupe_Baie_de_Fundy_SA_Inshore
S_23_02121,107193,1883685,17.573,19.128,9989832,undatum,Groupe_Baie_de_Fundy_SA_Inshore
S_23_02122,107619,3306190,30.721,33.887,17502342,undatum,Groupe_Baie_de_Fundy_SA_Inshore
S_23_02123,108827,3079987,28.302,31.987,16269759,undatum,Groupe_Baie_de_Fundy_SA_Inshore
S_23_02124,116341,4389996,37.734,43.289,23017594,undatum,Groupe_Baie_de_Fundy_SA_Inshore
S_23_02125,91956,1267764,13.787,14.631,6900643,undatum,Groupe_Baie_de_Fundy_SA_Inshore
S_23_02125_rep,100814,3528613,35.001,38.399,18825816,undatum,Groupe_Baie_de_Fundy_SA_Inshore
S_23_02126,94365,1486405,15.752,16.77,8078907,undatum,Groupe_Baie_de_Fundy_SA_Inshore
S_23_02127,105425,1904904,18.069,19.997,9669098,undatum,Groupe_Baie_de_Fundy_SA_Inshore
S_23_02128,105411,1467185,13.919,15.103,7896583,undatum,Groupe_Baie_de_Fundy_SA_Inshore
S_23_02129,103844,2041817,19.662,21.399,11021236,undatum,Groupe_Baie_de_Fundy_SA_Inshore
S_23_02131,93865,1451948,15.468,16.418,7708120,undatum,Groupe_Baie_de_Fundy_GP_Inshore
S_23_02132,102274,2105413,20.586,22.525,10723366,undatum,Groupe_Baie_de_Fundy_GP_Inshore
S_23_02133,97470,1461414,14.993,16.09,7926737,undatum,Groupe_Baie_de_Fundy_GP_Inshore
S_23_02134,96747,2058007,21.272,22.93,11115496,undatum,Groupe_Baie_de_Fundy_GP_Inshore
S_23_02136,104952,2133070,20.324,21.991,11081089,undatum,Groupe_Baie_de_Fundy_GP_Inshore
S_23_02137,103743,1870903,18.034,19.585,9906452,undatum,Groupe_Baie_de_Fundy_GP_Inshore
S_23_02138,99452,1124594,11.308,11.96,5943378,undatum,Groupe_Baie_de_Fundy_GP_Inshore
S_23_02139,110844,3000451,27.069,30.02,15714643,undatum,Groupe_Baie_de_Fundy_GP_Inshore
S_23_02140,109132,3330644,30.519,33.747,17685244,undatum,Groupe_Baie_de_Fundy_GP_Inshore
S_23_02141,96329,2060121,21.386,22.752,10704154,undatum,Groupe_Baie_de_Fundy_GP_Inshore
S_23_02142,82053,855923,10.431,10.92,4486699,undatum,Groupe_Baie_de_Fundy_GP_Inshore
S_23_02143,113941,3376448,29.633,33.108,17641450,undatum,Groupe_Baie_de_Fundy_GP_Inshore
S_23_02144,115215,4291332,37.246,41.893,22497553,undatum,Groupe_Baie_de_Fundy_GP_Inshore
S_23_02145,98330,1663311,16.916,18.002,8631019,undatum,Groupe_Baie_de_Fundy_GP_Inshore
S_23_02146,111551,2529491,22.676,24.87,12989459,undatum,Groupe_Baie_de_Fundy_GP_Inshore
S_23_02147,104286,1535215,14.721,15.762,7851605,undatum,Groupe_Baie_de_Fundy_GP_Inshore
S_23_02148,101411,1623100,16.005,17.127,8337108,undatum,Groupe_Baie_de_Fundy_GP_Inshore
S_23_02149,100987,2281525,22.592,24.27,11566999,undatum,Groupe_Baie_de_Fundy_GP_Inshore
S_23_02150,113327,1543870,13.623,15.072,7692676,undatum,Groupe_Baie_de_Fundy_GP_Inshore
S_23_02151,106313,2439438,22.946,25.257,12348147,undatum,Groupe_Baie_de_Fundy_GP_Inshore
S_23_02152,102188,1830360,17.912,19.328,9622538,undatum,Groupe_Baie_de_Fundy_GP_Inshore
S_23_02153,105475,1888482,17.905,19.574,9753138,undatum,Groupe_Baie_de_Fundy_GP_Inshore
S_23_02154,108324,2726519,25.17,27.897,14473369,undatum,Groupe_Baie_de_Fundy_GP_Inshore
S_23_02155,101714,2259906,22.218,23.937,11636227,undatum,Groupe_Baie_de_Fundy_GP_Inshore
S_23_02156,112455,2843847,25.289,27.97,14700824,undatum,Groupe_Baie_de_Fundy_GP_Inshore
S_23_02157,105882,1398060,13.204,14.23,6881800,undatum,Groupe_Baie_de_Fundy_GP_Inshore
S_23_02158,122407,2614952,21.363,24.545,12934049,undatum,Groupe_Baie_de_Fundy_GP_Inshore
S_23_02159,104767,3025148,28.875,31.878,16204570,undatum,Groupe_Baie_de_Fundy_GP_Inshore
S_23_02160,100395,2693236,26.826,29.117,14200746,undatum,Groupe_Baie_de_Fundy_GP_Inshore
S_23_02161,102886,1248826,12.138,12.908,6420903,undatum,Groupe_Baie_de_Fundy_GP_Inshore
S_23_02161_rep,106504,1969254,18.49,20.048,10218110,undatum,Groupe_Baie_de_Fundy_GP_Inshore
S_23_02162,98868,2298214,23.245,25.025,12066680,undatum,Groupe_Baie_de_Fundy_GP_Inshore
S_23_02163,93545,1167929,12.485,13.225,6229283,undatum,Groupe_Baie_de_Fundy_GP_Inshore
S_23_02164,61535,476529,7.744,7.82,2642573,undatum,Groupe_Baie_de_Fundy_GL_Offshore
S_23_02165,98017,1398162,14.264,15.24,7401589,undatum,Groupe_Baie_de_Fundy_GL_Offshore
S_23_02166,104003,2086146,20.059,22.015,10764208,undatum,Groupe_Baie_de_Fundy_GL_Offshore
S_23_02167,103721,1848889,17.826,19.308,9693641,undatum,Groupe_Baie_de_Fundy_GL_Offshore
S_23_02168,103896,1429107,13.755,14.778,7518837,undatum,Groupe_Baie_de_Fundy_GL_Offshore
S_23_02169,102103,2099244,20.56,22.548,11286334,undatum,Groupe_Baie_de_Fundy_GL_Offshore
S_23_02170,106264,1221516,11.495,12.423,6134420,undatum,Groupe_Baie_de_Fundy_GL_Offshore
S_23_02171,84734,905810,10.69,11.066,4761998,undatum,Groupe_Baie_de_Fundy_GL_Offshore
S_23_02172,93339,852498,9.133,9.494,4202676,undatum,Groupe_Baie_de_Fundy_GL_Offshore
S_23_02173,85516,791662,9.257,9.627,4039418,undatum,Groupe_Baie_de_Fundy_GL_Offshore
S_23_02174,96004,1747346,18.201,19.457,9104666,undatum,Groupe_Baie_de_Fundy_GL_Offshore
S_23_02175,103813,1514217,14.586,15.674,7954719,undatum,Groupe_Baie_de_Fundy_GL_Offshore
S_23_02176,109001,1935280,17.755,19.348,9732497,undatum,Groupe_Baie_de_Fundy_GL_Offshore
S_23_02177,102074,1583174,15.51,16.664,8262538,undatum,Groupe_Baie_de_Fundy_GL_Offshore
S_23_02178,112557,2133555,18.955,20.903,11121994,undatum,Groupe_Baie_de_Fundy_GL_Offshore
S_23_02179,120434,2040710,16.945,19.13,10176552,undatum,Groupe_Baie_de_Fundy_GL_Offshore
S_23_02180,126094,2585465,20.504,24.089,12806008,undatum,Groupe_Baie_de_Fundy_GL_Offshore
S_23_02181,96594,1969950,20.394,21.84,10412897,undatum,Groupe_Baie_de_Fundy_GL_Offshore
S_23_02184,65821,564820,8.581,7.764,3033440,undatum,Groupe_Newfoundland_NL_Offshore
S_23_02185,76044,772124,10.154,9.85,4116065,undatum,Groupe_Newfoundland_NL_Offshore
S_23_02186,84509,899969,10.649,10.967,4758242,undatum,Groupe_Newfoundland_NL_Offshore
S_23_02187,85095,1042733,12.254,11.539,5546739,undatum,Groupe_Newfoundland_NL_Offshore
S_23_02188,78091,811359,10.39,9.163,4279607,undatum,Groupe_Newfoundland_NL_Offshore
S_23_02189,81644,933415,11.433,11.693,5077864,undatum,Groupe_Newfoundland_NL_Offshore
S_23_02190,88294,1014937,11.495,12.06,5572500,undatum,Groupe_Newfoundland_NL_Offshore
S_23_02191,76568,672910,8.788,9.006,3734713,undatum,Groupe_Newfoundland_NL_Offshore
S_23_02192,121158,2404740,19.848,21.692,11765163,undatum,Groupe_Newfoundland_NL_Offshore
S_23_02193,87634,1037981,11.845,12.095,5466096,undatum,Groupe_Newfoundland_NL_Offshore
S_23_02194,73760,633608,8.59,8.033,3186563,undatum,Groupe_Newfoundland_NL_Offshore
S_23_02195,71568,795728,11.118,10.685,4460924,undatum,Groupe_Newfoundland_NL_Offshore
S_23_02196,84075,970513,11.543,9.375,6622175,undatum,Groupe_Newfoundland_NL_Offshore
S_23_02197,51018,579106,11.351,8.907,3046307,undatum,Groupe_Newfoundland_NL_Offshore
S_23_02198,92782,1487547,16.033,14.399,8440249,undatum,Groupe_Newfoundland_NL_Offshore
S_23_02199,98476,1414151,14.36,14.232,7543031,undatum,Groupe_Newfoundland_NL_Offshore
S_23_02200,101363,1403473,13.846,13.873,7243332,undatum,Groupe_Newfoundland_NL_Offshore
S_23_02201,79958,774971,9.692,9.168,4086375,undatum,Groupe_Newfoundland_NL_Offshore
S_23_02202,74327,628884,8.461,8.059,3288943,undatum,Groupe_Newfoundland_NL_Offshore
S_23_02203,74574,845934,11.344,8.814,8262312,undatum,Groupe_Newfoundland_NL_Offshore
S_23_02204,76973,901884,11.717,11.045,4965810,undatum,Groupe_Newfoundland_NL_Offshore
S_23_02205,103300,1450488,14.042,15.119,7772472,undatum,Groupe_Newfoundland_NL_Offshore
S_23_02206,30216,621172,20.558,7.454,9153911,undatum,Groupe_Newfoundland_NL_Offshore
S_23_02207,61980,636292,10.266,8.234,3427315,undatum,Groupe_Newfoundland_NL_Offshore
S_23_02208,88223,1039811,11.786,12.106,5741171,undatum,Groupe_Newfoundland_NL_Offshore
S_23_02210,97388,1696357,17.419,17.583,9000707,undatum,Groupe_Newfoundland_NL_Offshore
S_23_02211,97124,1583080,16.3,15.798,8599301,undatum,Groupe_Newfoundland_NL_Offshore
S_23_02212,93538,1353602,14.471,14.018,7152587,undatum,Groupe_Newfoundland_NL_Offshore
S_23_02213,96381,1437283,14.913,15.656,7570502,undatum,Groupe_Newfoundland_NL_Offshore
S_23_02214,112123,2114887,18.862,19.93,11136421,undatum,Groupe_Newfoundland_NL_Offshore
S_23_02215,69890,575151,8.229,8.504,3137389,undatum,Groupe_Newfoundland_NL_Offshore
S_23_02216,71958,594025,8.255,8.178,2991727,undatum,Groupe_Newfoundland_NL_Offshore
S_23_02217,71931,843503,11.727,10.926,4510274,undatum,Groupe_Newfoundland_NL_Offshore
S_23_02218,97956,1487816,15.189,15.414,7414335,undatum,Groupe_Newfoundland_NL_Offshore
S_23_02219,59115,649294,10.984,7.83,4924641,undatum,Groupe_Newfoundland_NL_Offshore
S_23_02237,105203,2073731,19.712,22.059,10743784,undatum,Groupe_Newfoundland_3Ps_Offshore
S_23_02238,85678,993338,11.594,12.041,5224572,undatum,Groupe_Newfoundland_3Ps_Offshore
S_23_02239,98818,1127686,11.412,12.04,5910634,undatum,Groupe_Newfoundland_3Ps_Offshore
S_23_02240,109146,3314892,30.371,34.646,17122206,undatum,Groupe_Newfoundland_3Ps_Offshore
S_23_02241,96048,1404846,14.626,15.547,7506881,undatum,Groupe_Newfoundland_3Ps_Offshore
S_23_02242,58638,465955,7.946,8.035,2760693,undatum,Groupe_Newfoundland_3Ps_Offshore
S_23_02243,97793,924180,9.45,9.947,4598156,undatum,Groupe_Newfoundland_3Ps_Offshore
S_23_02244,104982,1757984,16.746,18.159,9321900,undatum,Groupe_Newfoundland_3Ps_Offshore
S_23_02244_rep,103259,1440687,13.952,15.047,7627604,undatum,Groupe_Newfoundland_3Ps_Offshore
S_23_02245,104655,1707618,16.317,17.743,9115008,undatum,Groupe_Newfoundland_3Ps_Offshore
S_23_02246,103110,2023543,19.625,21.247,10725255,undatum,Groupe_Newfoundland_3Ps_Offshore
S_23_02247,96028,1265209,13.175,13.969,6298088,undatum,Groupe_Newfoundland_3Ps_Offshore
S_23_02248,72191,745156,10.322,10.661,4182852,undatum,Groupe_Newfoundland_3Ps_Offshore
S_23_02249,100076,1547944,15.468,16.669,8370230,undatum,Groupe_Newfoundland_3Ps_Offshore
S_23_02250,92215,1188598,12.889,13.669,6927437,undatum,Groupe_Newfoundland_3Ps_Offshore
S_23_02251,105205,1790284,17.017,18.537,9508263,undatum,Groupe_Newfoundland_3Ps_Offshore
S_23_02252,106,2966,27.981,17.806,11116113,undatum,Groupe_Newfoundland_3Ps_Offshore
S_23_02253,74421,660195,8.871,9.096,3578249,undatum,Groupe_Newfoundland_3Ps_Offshore
S_23_02254,114328,1914354,16.744,18.577,9463255,undatum,Groupe_Newfoundland_3Ps_Offshore
S_23_02255,105746,1513465,14.312,15.349,7903624,undatum,Groupe_Newfoundland_3Ps_Offshore
S_23_02256,104465,2650909,25.376,27.832,14074440,undatum,Groupe_Newfoundland_3Ps_Offshore
S_23_02257,105869,1492833,14.101,15.199,7900042,undatum,Groupe_Newfoundland_3Ps_Offshore
S_23_02258,89154,1165012,13.067,13.661,6099150,undatum,Groupe_Newfoundland_3Ps_Offshore
S_23_02259,110484,1941956,17.577,19.399,10294742,undatum,Groupe_Newfoundland_3Ps_Offshore
S_23_02260,97418,2458358,25.235,27.062,12966481,undatum,Groupe_Newfoundland_3Ps_Offshore
S_23_02261,372,2252,6.054,5.563,598261,undatum,Groupe_Newfoundland_3Ps_Offshore
S_23_02262,98143,1666467,16.98,18.206,8938451,undatum,Groupe_Newfoundland_3Ps_Offshore
S_23_02263,92797,1354009,14.591,15.362,7053510,undatum,Groupe_Newfoundland_3Ps_Offshore
S_23_02264,95206,1333341,14.005,14.905,7291255,undatum,Groupe_Newfoundland_3Ps_Offshore
S_23_02265,211,3654,17.318,10.862,13130440,undatum,Groupe_Newfoundland_3Ps_Offshore
S_23_02266,114,1932,16.947,9.21,5382600,undatum,Groupe_Newfoundland_3Ps_Offshore
S_23_02267,106063,1842057,17.368,18.967,9523404,undatum,Groupe_Newfoundland_3Ps_Offshore
S_23_02268,85314,991826,11.626,12.13,5421069,undatum,Groupe_Newfoundland_3Ps_Offshore
S_23_02269,91740,1321903,14.409,15.343,7309975,undatum,Groupe_Newfoundland_3Ps_Offshore
S_23_02270,7865,49715,6.321,5.946,423217,undatum,Groupe_Newfoundland_3Ps_Offshore
S_23_02271,94,1776,18.894,14.255,7804592,undatum,Groupe_Newfoundland_3Ps_Offshore
